name,image_url,player_ids
Aaron Pico,https://ufc.com/images/styles/athlete_bio_full_body/s3/2025-08/PICO_AARON_R_08-16.png?itok=3pRpVsFM,14081
Abubakar Nurmagomedov,https://ufc.com/images/styles/athlete_bio_full_body/s3/2022-10/NURMAGOMEDOV_ABUBAKAR_L_10-22.png?itok=cWVqS41E,4673
Adrian Yanez,https://ufc.com/images/styles/athlete_bio_full_body/s3/2024-12/YANEZ_ADRIAN_L_12-14.png?itok=9mJkShRG,2671;4674;6289;9177;14130
Al Iaquinta,https://ufc.com/images/styles/athlete_bio_full_body/s3/2021-11/67178%252Fprofile-galery%252Ffullbodyleft-picture%252FIAQUINTA_AL_L_11-06.png?itok=mZhV7N7C,4869
Aleksandre Topuria,https://ufc.com/images/styles/athlete_bio_full_body/s3/2025-02/TOPURIA_ALEKSANDRE_R_02-08.png?itok=snXUihdN,14023
Alex Morono,https://ufc.com/images/styles/athlete_bio_full_body/s3/2026-02/MORONO_ALEX_L_02-07.png?itok=lyXctDKo,4676
Alexandr Romanov,https://ufc.com/images/styles/athlete_bio_full_body/s3/2024-10/ROMANOV_ALEXANDR_L_11-02.png?itok=uNDUS7BF,4680;6296
Alexia Thainara,https://ufc.com/images/styles/athlete_bio_full_body/s3/2026-03/THAINARA_ALEXIA_L_03-28.png?itok=cIgMvBty,14053
Alistair Overeem,https://ufc.com/images/styles/athlete_bio_full_body/s3/2020-09/OVEREEM_ALISTAIR_L_04-20.png?VersionId=bXdyWxqT3s9LgovyRhZf2AXfXWZG.zt5&amp;itok=FaazjjCZ,2681;9187
Allan Nascimento,https://ufc.com/images/styles/athlete_bio_full_body/s3/2025-10/NASCIMENTO_ALLAN_L_11-01.png?itok=i9Jr652A,6299
Amanda Nunes,https://ufc.com/images/styles/athlete_bio_full_body/s3/2025-12/NUNES_AMANDA_R.png?itok=K44n8u9V,1390;4684;6302;9191;11355;14076
Anderson Silva,https://ufc.com/images/styles/athlete_bio_full_body/s3/image/fighter_images/Anderson_Silva/SILVA_ANDERSON_L.png?VersionId=oqn6CIQraQL7H1Maglm56oOzYSKBL0n0&amp;itok=GACwLYoT,1186;1392;2687;4687;6304;9193;11399;13985
Andre Lima,https://ufc.com/images/styles/athlete_bio_full_body/s3/2025-02/LIMA_ANDRE_L_09-07.png?itok=4vGti8K7,14043
Andre Muniz,https://ufc.com/images/styles/athlete_bio_full_body/s3/2025-04/MUNIZ_ANDRE_L_12-09.png?itok=J1QnUKoF,2688;4688
Andrea Lee,https://ufc.com/images/styles/athlete_bio_full_body/s3/2025-02/LEE_ANDREA_L_03-01.png?itok=kbKO2KQl,4689
Andreas Gustafsson,https://ufc.com/images/styles/athlete_bio_full_body/s3/2025-09/GUSTAFSSON_ANDREAS_L_09-06.png?itok=SkV82_me,14080
Andrei Arlovski,https://ufc.com/images/styles/athlete_bio_full_body/s3/2024-06/ARLOVSKI_ANDREI_L_06-29.png?itok=BpbaBEAZ,4871;6305;11448
Anshul Jubli,https://ufc.com/images/styles/athlete_bio_full_body/s3/2025-02/JUBLI_ANSHUL_L_10-21.png?itok=lf2UjAWn,6307
Anthony Smith,https://ufc.com/images/styles/athlete_bio_full_body/s3/2025-04/SMITH_ANTHONY_L_04-26.png?itok=0mVJ0wsr,1187;1393;2690;4691;6308;11368
Ariane Lipski,https://ufc.com/images/styles/athlete_bio_full_body/s3/2025-06/DA_SILVA_ARIANE_L_06-07.png?itok=Yi-nNlDY,6310
Ariane da Silva,https://ufc.com/images/styles/athlete_bio_full_body/s3/2025-06/DA_SILVA_ARIANE_L_06-07.png?itok=Yi-nNlDY,2691;9195
Armen Petrosyan,https://ufc.com/images/styles/athlete_bio_full_body/s3/2024-11/PETROSYAN_ARMEN_L_10-26.png?itok=mG5Eoafx,1396;11477
Askar Askarov,https://ufc.com/images/styles/athlete_bio_full_body/s3/2022-03/64d4b199-f8a4-42dd-8e20-fb92da0368b4%252FASKAROV_ASKAR_L_03-26.png?itok=6GnBwLcv,4694
Aspen Ladd,https://ufc.com/images/styles/athlete_bio_full_body/s3/2021-07/67418%252Fprofile-galery%252Ffullbodyleft-picture%252FLADD_ASPEN_L_07-24.png?itok=sJpm0yt4,4695
Augusto Sakai,https://ufc.com/images/styles/athlete_bio_full_body/s3/2023-02/SAKAI_AUGUSTO_L_02-25.png?itok=8pGoHs_r,4696
Austin Lingo,https://ufc.com/images/styles/athlete_bio_full_body/s3/2023-07/LINGO_AUSTIN_L_07-15.png?itok=mTk-uDM5,4697
Austin Vanderford,https://ufc.com/images/styles/athlete_bio_full_body/s3/2025-02/VANDERFORD_AUSTIN_R_02-22.png?itok=_L_5PZMh,14031
BJ Penn,https://ufc.com/images/styles/athlete_bio_full_body/s3/2020-03/PENN_BJ_L.png?VersionId=7enVGaRzNvudsF2YM8m.U5hjkv8CmYgb&amp;itok=AmnMlcaq,1398;2695;4698;9203
Bea Malecki,https://ufc.com/images/styles/athlete_bio_full_body/s3/2021-08/71455%252Fprofile-galery%252Ffullbodyleft-picture%252FMALECKI_BEA_L_08-21.png?itok=CnwKhYAT,4699
Benoit Saint-Denis,https://ufc.com/images/styles/athlete_bio_full_body/s3/2025-09/SAINT_DENIS_BENOIT_L_09-06.png?itok=Bz4QAYMW,1402;9202
Bill Algeo,https://ufc.com/images/styles/athlete_bio_full_body/s3/2024-03/ALGEO_BILL_L_03-30.png?itok=V99GAtdO,6317
Billy Quarantillo,https://ufc.com/images/styles/athlete_bio_full_body/s3/2024-12/QUARANTILLO_BILLY_L_03-23.png?itok=FxU2Ty67,4702
Blagoy Ivanov,https://ufc.com/images/styles/athlete_bio_full_body/s3/2023-07/IVANOV_BLAGOY_L_07-01.png?itok=UU8J-J3a,6318
Bo Nickal,https://ufc.com/images/styles/athlete_bio_full_body/s3/2025-11/NICKAL_BO_L_11-15.png?itok=eleBLBKB,1196;1403;2700;6319;9204;11393;14101
Brad Katona,https://ufc.com/images/styles/athlete_bio_full_body/s3/2025-05/KATONA_BRAD_L_05-10.png?itok=UmhVDOYu,1404;6320;11480
Brad Riddell,https://ufc.com/images/styles/athlete_bio_full_body/s3/2022-06/14008ba7-e7c2-4b34-a19d-de0e06826f82%252FRIDDELL_BRAD_L_07-02.png?itok=EARiuEZ8,4703
Brady Hiestand,https://ufc.com/images/styles/athlete_bio_full_body/s3/2023-04/HIESTAND_BRADY_L_04-22.png?itok=YSG9_InC,1405;2702;11479
Brock Lesnar,https://ufc.com/images/styles/athlete_bio_full_body/s3/image/ufc-fighter-container/67517/profile-galery/fullbodyleft-picture/Brock-Lesnar_548_LeftFullBodyImage.png?VersionId=es2GU4srnPemgboD5lx_6Q0vWWD23HRN&amp;itok=1dKMNQn8,4707;6325
Bruna Brasil,https://ufc.com/images/styles/athlete_bio_full_body/s3/2026-02/BRASIL_BRUNA_L_02-07.png?itok=XpTl0Ohi,14039
Brunno Ferreira,https://ufc.com/images/styles/athlete_bio_full_body/s3/2025-07/FERREIRA_BRUNNO_L_07-19.png?itok=-DfnEuVF,1410;6326;9210;11331
Bryan Battle,https://ufc.com/images/styles/athlete_bio_full_body/s3/2025-08/BATTLE_BRYAN_L_08-16.png?itok=WzC5wqGk,1411;6327;11404
Bryce Mitchell,https://ufc.com/images/styles/athlete_bio_full_body/s3/2025-07/MITCHELL_BRYCE_L_07-26.png?itok=nqDTqwv2,4873;6328
Cain Velasquez,https://ufc.com/images/styles/athlete_bio_full_body/s3/image/ufc-fighter-container/67538/profile-galery/fullbodyleft-picture/Cain-Velasquez_899_LeftFullBodyImage.png?VersionId=EonoSX_uAxLzMjcEPHdUcqt44I2rooYr&amp;itok=FYDb-UDY,4708
Cameron Saaiman,https://ufc.com/images/styles/athlete_bio_full_body/s3/2023-07/SAAIMAN_CAMERON_L_07-08.png?itok=902kHYZy,1414;2709;6331;9213;11455
Carla Esparza,https://ufc.com/images/styles/athlete_bio_full_body/s3/2024-10/ESPARZA_CARLA_L_10-05.png?itok=g2TjeVQy,4709;6332;11414
Carlos Leal,https://ufc.com/images/styles/athlete_bio_full_body/s3/2024-11/LEAL_CARLOS_L_10-26.png?itok=BFHmSExh,13991
Carlston Harris,https://ufc.com/images/styles/athlete_bio_full_body/s3/2025-01/14/HARRIS_CARLSTON_L_05-18.png?itok=05qAEA9g,6334
Chan Sung Jung,https://ufc.com/images/styles/athlete_bio_full_body/s3/2022-08/a23c5ddc-0bb5-492d-a81d-6c25f207859c%252FJUNG_CHAN_SUNG_L_04-09.png?itok=LZsuzFar,1417;2714;4712;6337;9218;11498
Chang Ho Lee,https://ufc.com/images/styles/athlete_bio_full_body/s3/2025-04/LEE_CHANGHO_L_06-22.png?itok=qhsE5PYV,13996
Charles Jourdain,https://ufc.com/images/styles/athlete_bio_full_body/s3/2025-10/JOURDAIN_CHARLES_L_10-18.png?itok=SPRPkRaI,1204;2715;9219
Chase Hooper,https://ufc.com/images/styles/athlete_bio_full_body/s3/2026-03/HOOPER_CHASE_L_03-28.png?itok=5l2Ch8Zn,2717;4875;9221;14123
Chelsea Chandler,https://ufc.com/images/styles/athlete_bio_full_body/s3/2025-04/CHANDLER_CHELSEA_L_04-26.png?itok=NNt8QVAf,1419;2718;11481
Choi SeungWoo,https://ufc.com/images/styles/athlete_bio_full_body/s3/2022-06/2b069c1d-9d95-4599-b34e-c489d5f2f0bf%252FCHOI_SEUNGWOO_L_06-11.png?itok=AxQriYlf,1420;6339;11482
Chris Daukaus,https://ufc.com/images/styles/athlete_bio_full_body/s3/2021-11/DAUKAUS_CHRIS_L_09-25.png?itok=nbMeawCd,4714
Chris Gutierrez,https://ufc.com/images/styles/athlete_bio_full_body/s3/2025-10/GUTIERREZ_CHRIS_L_10-04.png?itok=vstu4BGq,6340
Chris Padilla,https://ufc.com/images/styles/athlete_bio_full_body/s3/2026-04/PADILLA_CHRIS_L_04-11.png?itok=dHKTyDO2,14038
Chris Weidman,https://ufc.com/images/styles/athlete_bio_full_body/s3/2024-12/WEIDMAN_CHRIS_L_12-07.png?itok=OPZrGqT8,1206;1421;6341;11507
Christian Duncan,https://ufc.com/images/styles/athlete_bio_full_body/s3/2025-11/DUNCAN_CHRISTIAN_LEROY_L_11-08.png?itok=il-1dViK,1207;2719;9222
Christian Rodriguez,https://ufc.com/images/styles/athlete_bio_full_body/s3/2025-03/RODRIGUEZ_CHRISTIAN_L_03-29.png?itok=Rh_L77ey,1208;2720;9223
Claudia Gadelha,https://ufc.com/images/styles/athlete_bio_full_body/s3/2020-11/67642%252Fprofile-galery%252Ffullbodyleft-picture%252FGADELHA_CLAUDIA_L_07-06.png?itok=Cu4RMEJ5,4876
Claudio Puelles,https://ufc.com/images/styles/athlete_bio_full_body/s3/2025-09/PUELLES_CLAUDIO_L_09-13.png?itok=zk0xmJMG,4717
Claudio Ribeiro,https://ufc.com/images/styles/athlete_bio_full_body/s3/2024-03/RIBEIRO_CLAUDIO_L_03-02.png?itok=nix2QO8f,9226
Clayton Carpenter,https://ufc.com/images/styles/athlete_bio_full_body/s3/2026-05/CARPENTER_CLAYTON_L_05-09.png?itok=-EqHzIom,14066
Cody Durden,https://ufc.com/images/styles/athlete_bio_full_body/s3/2026-03/DURDEN_CODY_L_03-07.png?itok=yMWYJd7t,1211;2723;9227
Cody Garbrandt,https://ufc.com/images/styles/athlete_bio_full_body/s3/2026-03/GARBRANDT_CODY_L_03-07.png?itok=dnoq3Vqu,1212;1424;2724;4877;6344
Conor McGregor,https://ufc.com/images/styles/athlete_bio_full_body/s3/2021-07/MCGREGOR_CONOR_L_07-10.png?itok=4nfY5p3K,1214;1426;2726;4719;6346;9229;11309;14032
Cory McKenna,https://ufc.com/images/styles/athlete_bio_full_body/s3/2024-10/1/MCKENNA_CORY_L_03-16.png?itok=ut1v5ftB,4720
Cynthia Calvillo,https://ufc.com/images/styles/athlete_bio_full_body/s3/2023-04/CALVILLO_CYNTHIA_L_04-08.png?itok=yVpQ3aT8,4723
Da'Mon Blackshear,https://ufc.com/images/styles/athlete_bio_full_body/s3/2025-04/BLACKSHEAR_DAMON_L_04-26.png?itok=0Xm7-SWL,1429;6349;11483
Da-un Jung,https://ufc.com/images/styles/athlete_bio_full_body/s3/2023-02/JUNG_DA_WOON_L_02-04.png?itok=bSYf64xP,4724
Damir Ismagulov,https://ufc.com/images/styles/athlete_bio_full_body/s3/2023-06/ISMAGULOV_DAMIR_L_07-01.png?itok=MLKWZE3r,6350
Dan Henderson,https://ufc.com/images/styles/athlete_bio_full_body/s3/image/ufc-fighter-container/67711/profile-galery/fullbodyleft-picture/Dan-Henderson_63_LeftFullBodyImage.png?VersionId=FJDbDcy7hdlRW_Ste2Cq5MirRIJJCv0n&amp;itok=BOfsYxHZ,1216;1430;2729;4725;6351;9232;11500
Daniel Cormier,https://ufc.com/images/styles/athlete_bio_full_body/s3/2020-08/CORMIER_DANIEL_L_08-15.png?VersionId=8c0xGmF.jAN.__8bESM5BDrDOjfgi0MX&amp;itok=O4biSvvU,1218;1433;2732;4727;6354;9235;11387;14134
Daniel Marcos,https://ufc.com/images/styles/athlete_bio_full_body/s3/2024-12/MARCOS_DANIEL_L_02-10.png?itok=tbnSl-3X,1220;2734;9237
Daniel Rodriguez,https://ufc.com/images/styles/athlete_bio_full_body/s3/2024-10/RODRIGUEZ_DANIEL_L_10-12.png?itok=mKvHrwkT,4728
Daniel Santos,https://ufc.com/images/styles/athlete_bio_full_body/s3/2025-10/SANTOS_DANIEL_L_10-04.png?itok=d5eXco8w,14051
Daniel Zellhuber,https://ufc.com/images/styles/athlete_bio_full_body/s3/2026-02/ZELLHUBER_DANIEL_L_02-28.png?itok=qNBkI5VD,1221;2735;9238;14152
Danny Barlow,https://ufc.com/images/styles/athlete_bio_full_body/s3/2025-10/BARLOW_DANNY_L_10-18.png?itok=CWOOqKyG,1222;2736;9239
Darren Till,https://ufc.com/images/styles/athlete_bio_full_body/s3/2022-12/TILL_DARREN_L_12-10.png?itok=6_82z0ou,4729
Demian Maia,https://ufc.com/images/styles/athlete_bio_full_body/s3/2021-06/67794%252Fprofile-galery%252Ffullbodyleft-picture%252FMAIA_DEMIAN_L_06-12.png?itok=IFC0nwsD,4879
Derek Brunson,https://ufc.com/images/styles/athlete_bio_full_body/s3/2023-03/BRUNSON_DEREK_L_03-05.png?itok=kBDm__y8,4731;6356
Diego Ferreira,https://ufc.com/images/styles/athlete_bio_full_body/s3/2025-01/FERREIRA_DIEGO_L_01-18.png?itok=oGPz0TuD,4880
Diego Sanchez,https://ufc.com/images/styles/athlete_bio_full_body/s3/2020-09/SANCHEZ_DIEGO_L_02-15.png?VersionId=wQhmItCaHls0WX8jW8XYH4YtnuxmvKE0&amp;itok=kZN4EoqG,4881
Dione Barbosa,https://ufc.com/images/styles/athlete_bio_full_body/s3/2026-04/BARBOSA_DIONE_L_04-04.png?itok=w-GaUbuI,13986
Dominick Cruz,https://ufc.com/images/styles/athlete_bio_full_body/s3/2024-10/2/CRUZ_DOMINICK_L_12-11.png?itok=y_ZqxkMb,1224;1437;2739;4733;6359;11449
Donald Cerrone,https://ufc.com/images/styles/athlete_bio_full_body/s3/2022-05/06971e1e-4aa9-404e-96f4-b50c2f56c21f%252FCERRONE_DONALD_L_05-07.png?itok=GaeBsBw9,1439;2742;4882;6362;9244;11426;14135
Drew Dober,https://ufc.com/images/styles/athlete_bio_full_body/s3/2026-03/DOBER_DREW_L_03-07.png?itok=bOt7tlt4,11465
Dusko Todorovic,https://ufc.com/images/styles/athlete_bio_full_body/s3/2022-08/4526cb41-c0d2-423a-ad18-d8efe88477f3%252FTODOROVIC_DUSKO_L_05-21.png?itok=MEG6sUhG,6364
Dustin Jacoby,https://ufc.com/images/styles/athlete_bio_full_body/s3/2026-02/JACOBY_DUSTIN_L_02-07.png?itok=Zz2VC13r,4736
Edmen Shahbazyan,https://ufc.com/images/styles/athlete_bio_full_body/s3/2025-10/SHAHBAZYAN_EDMEN_L_10-04.png?itok=xYBQlRp0,4883
Edson Barboza,https://ufc.com/images/styles/athlete_bio_full_body/s3/2025-12/BARBOZA_EDSON_L_12-06.png?itok=9yABAH4t,2746;4884;9247
Eduarda Moura,https://ufc.com/images/styles/athlete_bio_full_body/s3/2024-11/MOURA_EDUARDA_L_06-08.png?itok=Xy9FG_w0,2747;9248
Elijah Smith,https://ufc.com/images/styles/athlete_bio_full_body/s3/2026-03/SMITH_ELIJAH_L_03-14.png?itok=Ec7sNQQN,14069
Elves Brener,https://ufc.com/images/styles/athlete_bio_full_body/s3/2025-07/BRENNER_ELVES_L_08-02.png?itok=0EOpJx7M,1442;6366;11518
Esteban Ribovics,https://ufc.com/images/styles/athlete_bio_full_body/s3/2024-09/RIBOVICS_ESTEBAN_L_05-11.png?itok=BSnePqwC,1230;2749;9250
Fares Ziam,https://ufc.com/images/styles/athlete_bio_full_body/s3/2025-01/ZIAM_FARES_L_02-01.png?itok=XmL8Gs1c,4738
Farid Basharat,https://ufc.com/images/styles/athlete_bio_full_body/s3/2024-10/2/BASHARAT_FARID_L_10-26.png?itok=DWyKwzOR,1231;2750;9251
Fatima Kline,https://ufc.com/images/styles/athlete_bio_full_body/s3/2025-07/KLINE_FATIMA_L_07-12.png?itok=1wKbFf1K,13984
Felice Herrig,https://ufc.com/images/styles/athlete_bio_full_body/s3/2022-06/5c116be1-673b-4dcd-ba93-1a686f495f2a%252FHERRIG_FELICE_L_06-04.png?itok=UQf9AzAd,4885
Felipe Lima,https://ufc.com/images/styles/athlete_bio_full_body/s3/2024-12/LIMA_FELIPE_L_06-22.png?itok=6lZqYuon,13994
Fernando Padilla,https://ufc.com/images/styles/athlete_bio_full_body/s3/2024-12/PADILLA_FERNANDO_L_03-23.png?itok=KSeSOAab,1444;2751;6368;11517
Francis Ngannou,https://ufc.com/images/styles/athlete_bio_full_body/s3/2023-01/NGANNOU_FRANCIS_L_03-27.png?itok=unnPPsMa,4740
Frank Mir,https://ufc.com/images/styles/athlete_bio_full_body/s3/2022-03/4db23501-da10-4288-a34f-89b0af05a5f3%252FFrank-Mir_251_LeftFullBodyImage.png?itok=vd66VXpr,1232;1446;2752;6370;9253;14136
Frankie Edgar,https://ufc.com/images/styles/athlete_bio_full_body/s3/2021-11/67978%252Fprofile-galery%252Ffullbodyleft-picture%252FEDGAR_FRANKIE_L_11-06.png?itok=vIzBnTDe,1233;1448;2753;4741;6372;11351
Gabriel Bonfim,https://ufc.com/images/styles/athlete_bio_full_body/s3/2025-11/BONFIM_GABRIEL_L_11-08.png?itok=14XB18fa,1234;2754;9254
Gabriel Miranda,https://ufc.com/images/styles/athlete_bio_full_body/s3/2022-09/MIRANDA_GABRIEL_L_09-03.png?itok=Ysd_CdEb,1449;2755;6373;11382
Gabriel Santos,https://ufc.com/images/styles/athlete_bio_full_body/s3/2025-01/SANTOS_GABRIEL_L_09-07.png?itok=KdM_V63i,14006
Gautier Ateba,https://ufc.com/images/styles/athlete_bio_full_body/s3/2026-05/GAUTIER_ATEBA_L_05-09.png?itok=jVl43KI8,14045
Georges St-Pierre,https://ufc.com/images/styles/athlete_bio_full_body/s3/image/ufc-fighter-container/68009/profile-galery/fullbodyleft-picture/Georges-St-Pierre_318_LeftFullBodyImage.png?itok=iMUIlHC5,1236;1451;2757;4742;6375;9255;11407;14094
Glover Teixeira,https://ufc.com/images/styles/athlete_bio_full_body/s3/2023-01/TEIXEIRA_GLOVER_L_01-19.png?itok=q-p-xB-D,1454;2760;4744;6378;11501
Gregory Rodrigues,https://ufc.com/images/styles/athlete_bio_full_body/s3/2026-03/RODRIGUES_GREGORY_L_03-07.png?itok=FChPrA3c,2761;11467
Holly Holm,https://ufc.com/images/styles/athlete_bio_full_body/s3/2025-01/4/HOLM_HOLLY_L_04-13.png?itok=dNzCDFru,1240;1456;4747;6381;11369
Hyder Amil,https://ufc.com/images/styles/athlete_bio_full_body/s3/2025-06/AMIL_HYDER_L_06-28.png?itok=YnYpcgBu,14003
Hyunsung Park,https://ufc.com/images/styles/athlete_bio_full_body/s3/2025-05/PARK_HYUNSUNG_L_05-17.png?itok=Ur53KIQu,1241;2764;9259
Ian Garry,https://ufc.com/images/styles/athlete_bio_full_body/s3/2025-04/MACHADO_GARRY_IAN_L_04-26.png?itok=KAjhdGja,4748
Ibo Aslan,https://ufc.com/images/styles/athlete_bio_full_body/s3/2025-07/ASLAN_IBO_L_07-26.png?itok=OFI1bjDV,14063
Ikram Aliskerov,https://ufc.com/images/styles/athlete_bio_full_body/s3/2025-10/ALISKEROV_IKRAM_L_10-25.png?itok=QwKskDUt,1243;2767;11456
Inoue Mizuki,https://ufc.com/images/styles/athlete_bio_full_body/s3/2025-10/MIZUKI_R_10-25.png?itok=dRgAShnh,1460;6385;11485
Irina Alekseeva,https://ufc.com/images/styles/athlete_bio_full_body/s3/2025-06/ALEKSEEVA_IRINA_L_06-21.png?itok=tgj9ZB4s,6387
Islam Dulatov,https://ufc.com/images/styles/athlete_bio_full_body/s3/2025-07/DULATOV_ISLAM_R_07-19.png?itok=bQYu--aN,14035
Ismael Bonfim,https://ufc.com/images/styles/athlete_bio_full_body/s3/2025-02/BONFIM_ISMAEL_L_02-15.png?itok=jfkU3Vk0,2771;9265
Jack Hermansson,https://ufc.com/images/styles/athlete_bio_full_body/s3/2025-11/HERMANSSON_JACK_L_11-22.png?itok=8kPrCVlU,1248;2774;4753;6391
Jack Jenkins,https://ufc.com/images/styles/athlete_bio_full_body/s3/2025-09/JENKINS_JACK_L_09-27.png?itok=NifaTZO2,1465;2775;6392;11440
Jack Shore,https://ufc.com/images/styles/athlete_bio_full_body/s3/2024-10/SHORE_JACK_L_11-02.png?itok=JHX4mJ0V,1466;4754;6393;11468
Jacob Malkoun,https://ufc.com/images/styles/athlete_bio_full_body/s3/2026-04/MALKOUN_JACOB_L_05-02.png?itok=WB11rDqu,6394
Jailton Malhadinho,https://ufc.com/images/styles/athlete_bio_full_body/s3/2026-02/ALMEIDA_JAILTON_L_02-07.png?itok=RkOb5K7N,2776;9268;11457
Jake Hadley,https://ufc.com/images/styles/athlete_bio_full_body/s3/2024-10/9/HADLEY_JAKE_L_10-19.png?itok=TGpzM6sM,1469;6397;11486
Jake Matthews,https://ufc.com/images/styles/athlete_bio_full_body/s3/2025-09/MATTHEWS_JAKE_L_09-27.png?itok=0Y2pcIH-,1249;2777;9269
Jalin Turner,https://ufc.com/images/styles/athlete_bio_full_body/s3/2025-03/TURNER_JALIN_L_03-08.png?itok=pr1M1IaX,1250;1470;2778;4756;6398;11459
Jamall Emmers,https://ufc.com/images/styles/athlete_bio_full_body/s3/2025-03/EMMERS_JAMALL_L_03-29.png?itok=Dk1icWZc,6400
James Krause,https://ufc.com/images/styles/athlete_bio_full_body/s3/2018-10/KRAUSE_JAMES_L.png?VersionId=GQU0ErkIsFgxvVWu85lSZlJhq8x2oHqf&amp;itok=W18P5-_K,4888
Jamie Pickett,https://ufc.com/images/styles/athlete_bio_full_body/s3/2024-03/PICKETT_JAMIE_L_03-02.png?itok=OUpHtdWf,1472;6401
Jaqueline Amorim,https://ufc.com/images/styles/athlete_bio_full_body/s3/2025-10/AMORIM_JAQUELINE_L_10-25.png?itok=iyVbTEzS,14013
Javid Basharat,https://ufc.com/images/styles/athlete_bio_full_body/s3/2023-10/BASHARAT_JAVID_L_10-21.png?itok=mjmF6g2a,1253;2782
Jean Matsumoto,https://ufc.com/images/styles/athlete_bio_full_body/s3/2026-02/MATSUMOTO_JEAN_L_02-07.png?itok=4VkO4sIN,1254;2783;9272
Jeffrey Molina,https://ufc.com/images/styles/athlete_bio_full_body/s3/2021-08/71609%252Fprofile-galery%252Ffullbodyleft-picture%252FMOLINA_JEFF_L_04-24.png?itok=m1vXNhd0,1256;4760
Jennifer Maia,https://ufc.com/images/styles/athlete_bio_full_body/s3/2023-03/MAIA_JENNIFER_L_03-18.png?itok=Dh5To8Cx,4761
JeongYeong Lee,https://ufc.com/images/styles/athlete_bio_full_body/s3/2026-03/LEE_JEONGYEONG_L_03-07.png?itok=mRRyC7gv,14065
Jeremiah Wells,https://ufc.com/images/styles/athlete_bio_full_body/s3/2025-10/WELLS_JEREMIAH_L_11-01.png?itok=kiN3e9Z8,1476;11494
Jim Miller,https://ufc.com/images/styles/athlete_bio_full_body/s3/2026-05/MILLER_JIM_L_05-09.png?itok=75mWCyVu,1259;2787;11515
Jimmy Crute,https://ufc.com/images/styles/athlete_bio_full_body/s3/2025-09/CRUTE_JIMMY_L_09-27.png?itok=OKFPBAgi,4763
Jiri Prochazka,https://ufc.com/images/styles/athlete_bio_full_body/s3/2026-04/PROCHAZKA_JIRI_L_04-11.png?itok=gJ5V0bVR,1260;1478;2788;4764;6406;9276;11323;14014
Joanderson Brito,https://ufc.com/images/styles/athlete_bio_full_body/s3/2025-12/BRITO_JOANDERSON_L_12-13.png?itok=FYAqhlN0,1261;2789;9277
Joanna Jedrzejczyk,https://ufc.com/images/styles/athlete_bio_full_body/s3/2022-06/JEDRZEJCZYK_JOANNA_L_06-11.png?itok=VMhA7Cc8,4889;9278
Joanna Jędrzejczyk,https://ufc.com/images/styles/athlete_bio_full_body/s3/2022-06/JEDRZEJCZYK_JOANNA_L_06-11.png?itok=VMhA7Cc8,1262;1479;2790;6407;11343
Joanne Wood,https://ufc.com/images/styles/athlete_bio_full_body/s3/2024-03/WOOD_JOANNE_L_03-09.png?itok=Pc0lLEaR,4765
Joe Lauzon,https://ufc.com/images/styles/athlete_bio_full_body/s3/2022-06/LAUZON_JOE_L_05-07.png?itok=aB2f3LEQ,4890
Joe Pyfer,https://ufc.com/images/styles/athlete_bio_full_body/s3/2024-06/PYFER_JOE_L_06-29.png?itok=fwjLjY4c,1264;1480;2792;6408;9280;11458;14102
Joel Alvarez,https://ufc.com/images/styles/athlete_bio_full_body/s3/2026-05/ALVAREZ_JOEL_L_05-09.png?itok=Lgl2Fmup,2793;4766
Jon Jones,https://ufc.com/images/styles/athlete_bio_full_body/s3/2025-10/JONES_JON_L.png?itok=DP8LSLtV,1266;1482;2795;4768;6410;9282;11348;14017
Jonathan Martinez,https://ufc.com/images/styles/athlete_bio_full_body/s3/2024-11/MARTINEZ_JONATHAN_L_11-16.png?itok=j4gU4PjM,1267;2796;9283
Jonny Parsons,https://ufc.com/images/styles/athlete_bio_full_body/s3/2023-07/PARSONS_JONNY_L_07-22.png?itok=Vhzidpmx,1483;6411;11389
Joo Sang Yoo,https://ufc.com/images/styles/athlete_bio_full_body/s3/2025-06/YOO_JOOSANG_R_06-07.png?itok=2fqpMWMp,14077
Jorge Masvidal,https://ufc.com/images/styles/athlete_bio_full_body/s3/2023-06/MASVIDAL_JORGE_L_04-08.png?itok=Rr9F8RcA,4769
Jose Aldo,https://ufc.com/images/styles/athlete_bio_full_body/s3/2025-05/ALDO_JOSE_L_05-10.png?itok=pYRrW1Ft,4770;9284
Jose Mariscal,https://ufc.com/images/styles/athlete_bio_full_body/s3/2024-08/MARISCAL_CHEPE_L_08-10.png?itok=ZRkeAdNC,1268;2797;9285
Joseph Benavidez,https://ufc.com/images/styles/athlete_bio_full_body/s3/image/fighter_images/Joseph_Benavidez/BENAVIDEZ_JOSEPH_L.png?VersionId=a8wJrP2mqxdlJbDOx5fZtlHCdVZrg3tZ&amp;itok=0K6xGCIC,4891
Josh Quinlan,https://ufc.com/images/styles/athlete_bio_full_body/s3/2024-02/QUINLAN_JOSH_L_02-17.png?itok=lqoxap2X,1485;6414;11491
Joshua Culibao,https://ufc.com/images/styles/athlete_bio_full_body/s3/2024-08/CULIBAO_JOSH_L_08-17.png?itok=EIdm4VBK,2799;6415
José Aldo,https://ufc.com/images/styles/athlete_bio_full_body/s3/2025-05/ALDO_JOSE_L_05-10.png?itok=pYRrW1Ft,1271;1486;2801;11371
Julia Avila,https://ufc.com/images/styles/athlete_bio_full_body/s3/2025-02/AVILA_JULIA_L_02-15.png?itok=ZywQKRNk,4771
Julian Marquez,https://ufc.com/images/styles/athlete_bio_full_body/s3/2025-02/MARQUEZ_JULIAN_L_06-08.png?itok=CuhYTDs9,4772
Junior Tafa,https://ufc.com/images/styles/athlete_bio_full_body/s3/2026-04/TAFA_JUNIOR_L_05-02.png?itok=KhtwaqEj,1488;6417;11487
Justin Tafa,https://ufc.com/images/styles/athlete_bio_full_body/s3/2025-09/TAFA_JUSTIN_L_09-27.png?itok=vHbcFkCP,1490;6420
Karl Williams,https://ufc.com/images/styles/athlete_bio_full_body/s3/2024-08/WILLIAMS_KARL_L_08-10.png?itok=yInyXfjt,9294
Karolina Kowalkiewicz,https://ufc.com/images/styles/athlete_bio_full_body/s3/2024-11/KOWALKIEWICZ_KAROLINA_L_11-09.png?itok=GyFEzB2L,1279;2807;11516
Katlyn Cerminara,https://ufc.com/images/styles/athlete_bio_full_body/s3/2025-01/5/CERMINARA_KATLYN_L_03-09.png?itok=noQIGCNL,1493;2808;6423;9295;11469
Katlyn Chookagian,https://ufc.com/images/styles/athlete_bio_full_body/s3/2025-01/5/CERMINARA_KATLYN_L_03-09.png?itok=noQIGCNL,4778
Kaue Fernandes,https://ufc.com/images/styles/athlete_bio_full_body/s3/2023-11/FERNANDES_KAUE_L_11-04.png?itok=0h4grjPU,14000
Kelvin Gastelum,https://ufc.com/images/styles/athlete_bio_full_body/s3/2026-04/GASTELUM_KELVIN_L_04-11.png?itok=9xM1pbVb,4779;6424
Ken Shamrock,https://ufc.com/images/styles/athlete_bio_full_body/s3/2022-10/SHAMROCK_KEN_R.png?itok=Wlvv3HsJ,1281;1494;6425;9297;11437
Kennedy Nzechukwu,https://ufc.com/images/styles/athlete_bio_full_body/s3/2025-12/NZECHUKWU_KENNEDY_L_12-13.png?itok=eLnE_88B,4780
Khabib Nurmagomedov,https://ufc.com/images/styles/athlete_bio_full_body/s3/image/fighter_images/Khabib_Nurmagomedov/1NURMAGOMEDOV_KHABIB_L.png?itok=bPtzlY__,1284;1496;2812;4782;6428;9300;11321;13990
King Green,https://ufc.com/images/styles/athlete_bio_full_body/s3/2026-05/GREEN_KING_L_05-09.png?itok=k-DgTBtE,2815;11512
Kody Steele,https://ufc.com/images/styles/athlete_bio_full_body/s3/2025-02/STEELE_KODY_R_02-08.png?itok=C5i5-zyI,14005
Lauren Murphy,https://ufc.com/images/styles/athlete_bio_full_body/s3/2023-01/MURPHY_LAUREN_L_01-19.png?itok=BrS3qUO3,4784
Li Jingliang,https://ufc.com/images/styles/athlete_bio_full_body/s3/2024-08/JINGLIANG_LI_L_08-17.png?itok=zCfJEBsG,4787
Lone'er Kavanagh,https://ufc.com/images/styles/athlete_bio_full_body/s3/2025-03/KAVANAGH_LONEER_L_03-22.png?itok=5fSHeXU2,14078
Luana Carolina,https://ufc.com/images/styles/athlete_bio_full_body/s3/2024-07/CAROLINA_LUANA_L_07-20.png?itok=PRMuHynw,1499;6432;11520
Luana Pinheiro,https://ufc.com/images/styles/athlete_bio_full_body/s3/2025-01/5/PINHEIRO_LUANA_L_11-09.png?itok=Btk8zPuS,2819
Luana Santos,https://ufc.com/images/styles/athlete_bio_full_body/s3/2025-05/SANTOS_LUANA_L_05-17.png?itok=eViIyNrf,2820;9305
Ludovit Klein,https://ufc.com/images/styles/athlete_bio_full_body/s3/2025-10/KLEIN_LUDOVIT_L_10-25.png?itok=jnt-DszE,2821;6433
Luke Rockhold,https://ufc.com/images/styles/athlete_bio_full_body/s3/2022-08/ROCKHOLD_LUKE_L_08-20.png?itok=gBZE4JuQ,1500;11503
Lyoto Machida,https://ufc.com/images/styles/athlete_bio_full_body/s3/2022-03/fc34e9f1-af85-4a11-bdaa-7ab1383b41e4%252FLyoto-Machida_831_LeftFullBodyImage.png?itok=VmKWjJSv,1288;1501;2822;6434;9306;11502
Malcolm Gordon,https://ufc.com/images/styles/athlete_bio_full_body/s3/2024-01/GORDON_MALCOLM_L_01-20.png?itok=8c155SrI,1504;6437
Malcolm Wellmaker,https://ufc.com/images/styles/athlete_bio_full_body/s3/2025-11/WELLMAKER_MALCOM_L_11-15.png?itok=F8-J8Z64,14061
Mansur Abdul-Malik,https://ufc.com/images/styles/athlete_bio_full_body/s3/2026-03/ABDUL-MALIK_MANSUR_L_03-28.png?itok=Iv32ExsM,14026
Manuel Torres,https://ufc.com/images/styles/athlete_bio_full_body/s3/2025-03/TORRES_MANUEL_L_03-29.png?itok=kkaGQlYP,2827;6440;9312
MarQuel Mederos,https://ufc.com/images/styles/athlete_bio_full_body/s3/2025-06/MEDEROS_MARQUEL_L_06-07.png?itok=jot1JwX8,13988
Marcos Rogério De Lima,https://ufc.com/images/styles/athlete_bio_full_body/s3/2025-01/5/ROGERIO%20DE%20LIMA_MARCOS_L_02-17.png?itok=LzCA7Br9,6442
Marina Rodriguez,https://ufc.com/images/styles/athlete_bio_full_body/s3/2025-05/RODRIGUEZ_MARINA_L_05-03.png?itok=JZblLCdq,2831;4793
Mario Pinto,https://ufc.com/images/styles/athlete_bio_full_body/s3/2026-03/PINTO_MARIO_L_03-21.png?itok=CkcZLoEs,14010
Marlon Moraes,https://ufc.com/images/styles/athlete_bio_full_body/s3/2021-09/68724%252Fprofile-galery%252Ffullbodyleft-picture%252FMORAES_MARLON_L_09-25.png?itok=IiJSNuGF,4795
Mateusz Rebecki,https://ufc.com/images/styles/athlete_bio_full_body/s3/2025-07/REBECKI_MATEUSZ_L_08-02.png?itok=v5OHh52Y,6447;9320
Mateusz Rębecki,https://ufc.com/images/styles/athlete_bio_full_body/s3/2025-07/REBECKI_MATEUSZ_L_08-02.png?itok=v5OHh52Y,2837
Matheus Nicolau,https://ufc.com/images/styles/athlete_bio_full_body/s3/2024-10/16/NICOLAU_MATHEUS_L_10-19.png?itok=3ML6C1P9,1513;4799;6448;9321;11496
Matt Schnell,https://ufc.com/images/styles/athlete_bio_full_body/s3/2025-11/SCHNELL_MATT_L_11-08.png?itok=XTvOQGKI,4801;6450
Mauricio Rua,https://ufc.com/images/styles/athlete_bio_full_body/s3/2018-10/RUA_SHOGUN_L_0.png?VersionId=RmKWOc4dxqmHId6e8voPVOFTPVAgJpZr&amp;itok=ntzDE4Ry,11505
Max Griffin,https://ufc.com/images/styles/athlete_bio_full_body/s3/2026-04/GRIFFIN_MAX_L_04-25.png?itok=j0Ec0YNy,4893
Melissa Gatto,https://ufc.com/images/styles/athlete_bio_full_body/s3/2024-03/GATTO_MELISSA_L_07-01.png?itok=XwJy85Si,6455
Melissa Mullins,https://ufc.com/images/styles/athlete_bio_full_body/s3/2026-03/MULLINS_MELISSA_L_03-21.png?itok=f7z1AiYh,1302;2842;9326
Michael Aswell,https://ufc.com/images/styles/athlete_bio_full_body/s3/2025-05/ASWELL_MICHAEL_R_05-31.png?itok=uDlfY-uY,14068
Michael Bisping,https://ufc.com/images/styles/athlete_bio_full_body/s3/2022-03/e285d3e7-8514-48ec-9ea0-7936e956b507%252FMichael-Bisping_758_LeftFullBodyImage.png?itok=AIke9sxX,1519;2844;4805;6458;9328;11429
Michael Chiesa,https://ufc.com/images/styles/athlete_bio_full_body/s3/2026-03/CHIESA_MICHAEL_L_03-28.png?itok=JIHB63jr,4807;6460
Michael Parkin,https://ufc.com/images/styles/athlete_bio_full_body/s3/2025-01/5/PARKIN_MICK_L_07-27.png?itok=9N4dJ74f,14058
Michel Pereira,https://ufc.com/images/styles/athlete_bio_full_body/s3/2025-08/PEREIRA_MICHEL_L_08-23.png?itok=jty403Ug,1307;2849;4894;6462;9332
Michelle Waterson,https://ufc.com/images/styles/athlete_bio_full_body/s3/2024-06/WATERSON-GOMEZ_MICHELLE_L_06-29.png?itok=DEfj4XBY,4808
Mike Breeden,https://ufc.com/images/styles/athlete_bio_full_body/s3/2024-03/BREEDEN_MIKE_L_10-21.png?itok=0kabbxQA,9334
Mike Davis,https://ufc.com/images/styles/athlete_bio_full_body/s3/2024-05/DAVIS_MIKE_L_03-16.png?itok=6-OMsOAU,6464
Mike Malott,https://ufc.com/images/styles/athlete_bio_full_body/s3/2025-05/MALOTT_MIKE_L_05-10.png?itok=60kxSXex,1522;6465;11471
Mike Perry,https://ufc.com/images/styles/athlete_bio_full_body/s3/2021-04/68841%252Fprofile-galery%252Ffullbodyleft-picture%252FPERRY_MIKE_L_04-10.png?itok=JuJRjkZk,4895
Miles Johns,https://ufc.com/images/styles/athlete_bio_full_body/s3/2025-11/JOHNS_MILES_L_11-08.png?itok=m6W0KeU5,6466
Modestas Bukauskas,https://ufc.com/images/styles/athlete_bio_full_body/s3/2025-09/BUKAUSKAS_MODESTAS_L_09-06.png?itok=mcr-hUxg,1309;2852;9336
Mohammed Usman,https://ufc.com/images/styles/athlete_bio_full_body/s3/2024-07/USMAN_MOHAMMAD_L_07-20.png?itok=BaUnY0Y0,1523
Molly McCann,https://ufc.com/images/styles/athlete_bio_full_body/s3/2025-03/MCCANN_MOLLY_L_03-22.png?itok=RDRT-JV2,1524;2853;6467;9337;11344
Montserrat Conejo,https://ufc.com/images/styles/athlete_bio_full_body/s3/2025-10/RUIZ_MONTSERRAT_CONEJO_L_11-04.png?itok=PpQyt1Ik,1525;6468
Morgan Charriere,https://ufc.com/images/styles/athlete_bio_full_body/s3/2024-09/CHARRIERE_MORGAN_L_09-28.png?itok=CBLxatCE,9338
Mudaerji Su,https://ufc.com/images/styles/athlete_bio_full_body/s3/2026-03/SUMUDAERJI_L_03-07.png?itok=w90UrSOQ,4811
Muhammad Mokaev,https://ufc.com/images/styles/athlete_bio_full_body/s3/2022-03/911ce7a0-a97f-497c-9a2d-b3bbfa3e50d8%252FMOKAEV_MUHAMMAD_L_03-19.png?itok=UDSq2inZ,1527;6470;11391
Muhammadjon Naimov,https://ufc.com/images/styles/athlete_bio_full_body/s3/2025-12/NAIMOV_MUHAMMAD_L_12-06.png?itok=QEeZzbgF,1311;2855;9340
Myktybek Orolbai,https://ufc.com/images/styles/athlete_bio_full_body/s3/2024-10/5/OROLBAI_MYKTYBEK_L_11-18.png?itok=gpZb_XXu,1312;2856;9341;14145
Nasrat Haqparast,https://ufc.com/images/styles/athlete_bio_full_body/s3/2025-10/HAQPARAST_NASRAT_L_10-25.png?itok=YNiUehfs,14075
Natalia Cristina Da Silva,https://ufc.com/images/styles/athlete_bio_full_body/s3/2026-01/SILVA_NATALIA_L_01-24.png?itok=VMN-omrF,1314
Natalia Cristina da Silva,https://ufc.com/images/styles/athlete_bio_full_body/s3/2026-01/SILVA_NATALIA_L_01-24.png?itok=VMN-omrF,1528;2858;6472;9343;11320;13993
Natan Levy,https://ufc.com/images/styles/athlete_bio_full_body/s3/2022-04/ec33ffaf-1ad4-428c-b4ea-2548c4fe74f1-LEVY_NATAN_L_11-20.png?itok=itpcX5wr,1529;6473;11443
Nate Diaz,https://ufc.com/images/styles/athlete_bio_full_body/s3/2023-02/DIAZ_NATE_L_09-10.png?itok=vP3ulMEW,4812
Nate Landwehr,https://ufc.com/images/styles/athlete_bio_full_body/s3/2025-07/LANDWEHR_NATE_L_07-12.png?itok=DnmF5gvX,1315;2859;9344
Navajo Stirling,https://ufc.com/images/styles/athlete_bio_full_body/s3/2026-03/STIRLING_NAVAJO_L_03-28.png?itok=tvGbt7Xv,14030
Nazim Sadykhov,https://ufc.com/images/styles/athlete_bio_full_body/s3/2025-12/SADYKHOV_NAZIM_L_12-06.png?itok=I_T6WfP8,1316;2860;9345
Neil Magny,https://ufc.com/images/styles/athlete_bio_full_body/s3/2025-12/MAGNY_NEIL_L_12-13.png?itok=4EbAtrZq,1317;1530;2861;4813;6474;11452
Nicolas Dalby,https://ufc.com/images/styles/athlete_bio_full_body/s3/2025-11/DALBY_NICOLAS_L_11-22.png?itok=4NLaXWSG,1318;2862;6475
Nina Nunes,https://ufc.com/images/styles/athlete_bio_full_body/s3/2022-07/5d2baa3d-591b-4d49-b2fa-49a46db97993%252FNUNES_NINA_L_07-09.png?itok=hXTBQio_,4815
Nuerdanbieke Shayilan,https://ufc.com/images/styles/athlete_bio_full_body/s3/2023-04/NUERDANBIEKE_SHAYILAN_L_04-08.png?itok=en8ufci9,1531;6477;11519
Nursulton Ruziboev,https://ufc.com/images/styles/athlete_bio_full_body/s3/2025-02/RUZIBOEV_NURSULTON_L_02-22.png?itok=dO_pOKsB,14036
Nurullo Aliev,https://ufc.com/images/styles/athlete_bio_full_body/s3/2025-11/ALIEV_NURULLO_L_11-22.png?itok=930wzsRo,2865;9348
Oban Elliott,https://ufc.com/images/styles/athlete_bio_full_body/s3/2026-02/ELLIOTT_OBAN_L_01-31.png?itok=TavtmsTZ,14033
Ode Osbourne,https://ufc.com/images/styles/athlete_bio_full_body/s3/2026-02/OSBOURNE_ODE_L_02-21.png?itok=TpEJK5O1,1532;6478;11489
Ottman Azaitar,https://ufc.com/images/styles/athlete_bio_full_body/s3/2023-07/AZAITAR_OTTMAN_L_07-15.png?itok=BCnmj2fQ,6479
Oumar Sy,https://ufc.com/images/styles/athlete_bio_full_body/s3/2025-09/SY_OUMAR_L_09-06.png?itok=YK5pmZlx,14019
Pannie Kianzad,https://ufc.com/images/styles/athlete_bio_full_body/s3/2024-08/KIANZAD_PANNIE_L_08-10.png?itok=rtI3XnRA,4817;6481
Parker Porter,https://ufc.com/images/styles/athlete_bio_full_body/s3/2023-02/PORTER_PARKER_L_02-11.png?itok=iBcijH37,1534;6482
Patricio Freire,https://ufc.com/images/styles/athlete_bio_full_body/s3/2026-04/PITBULL_PATRICIO_L_04-11.png?itok=ntvUkAwE,14071
Patrick Mix,https://ufc.com/images/styles/athlete_bio_full_body/s3/2025-10/MIX_PATCHY_L_10-04.png?itok=mrIEjrLy,14056
Paul Craig,https://ufc.com/images/styles/athlete_bio_full_body/s3/2024-05/CRAIG_PAUL_L_05-04.png?itok=HXuD7usW,1321;2867;4818;6483;9350;11514
Paul Felder,https://ufc.com/images/styles/athlete_bio_full_body/s3/2020-11/68984%252Fprofile-galery%252Ffullbodyleft-picture%252FFELDER_PAUL_L_11-14.png?itok=cVNs2At8,4896
Payton Talbott,https://ufc.com/images/styles/athlete_bio_full_body/s3/2025-06/TALBOTT_PAYTON_L_06-28.png?itok=sNFGTLTV,1323;2869;9352;14113
Pedro Munhoz,https://ufc.com/images/styles/athlete_bio_full_body/s3/2024-03/MUNHOZ_PEDRO_L_03-09.png?itok=4zR7PeK9,1324;1536;4820;6485;11472
Phil Hawes,https://ufc.com/images/styles/athlete_bio_full_body/s3/2024-01/HAWES_PHIL_L_01-13.png?itok=N-iCM9UE,4822
Piera Rodriguez,https://ufc.com/images/styles/athlete_bio_full_body/s3/2026-03/RODRIGUEZ_PIERA_L_03-14.png?itok=UjAUCDnz,2871
Quillan Salkilld,https://ufc.com/images/styles/athlete_bio_full_body/s3/2026-01/SALKILLD_QUILLAN_L_01-31.png?itok=ScAatAvi,14001
Rafa Garcia,https://ufc.com/images/styles/athlete_bio_full_body/s3/2026-04/GARCIA_RAFA_L_04-25.png?itok=qUM7HjoY,6487
Rafael Dos Anjos,https://ufc.com/images/styles/athlete_bio_full_body/s3/2024-10/5/DOS_ANJOS_RAFAEL_L_12-03.png?itok=6962oRpA,1326;1538;2872;4823;6488;11444
Rafael Estevam,https://ufc.com/images/styles/athlete_bio_full_body/s3/2025-07/ESTEVAM_RAFAEL_L_08-02.png?itok=4aJbyiCD,14073
Randy Brown,https://ufc.com/images/styles/athlete_bio_full_body/s3/2025-04/BROWN_RANDY_L_04-26.png?itok=_TQWUJDb,1328;2874
Rashad Evans,https://ufc.com/images/styles/athlete_bio_full_body/s3/image/ufc-fighter-container/69052/profile-galery/fullbodyleft-picture/Rashad-Evans_712_LeftFullBodyImage.png?VersionId=xK3K5ulrG9tv5RlwKo3xAQ.Z1QexpZte&amp;itok=n98NQeHN,1330;1541;2876;4826;6491;9355;11432;14157
Raulian Paiva,https://ufc.com/images/styles/athlete_bio_full_body/s3/2022-06/2d7d4623-b6d2-4b52-a616-6fedb4814a30%252FPAIVA_RAULIAN_L_06-25.png?itok=dV1tZjqK,4827
Rei Tsuruya,https://ufc.com/images/styles/athlete_bio_full_body/s3/2024-06/TSURUYA_REI_L_06-29.png?itok=9z99wKi_,13998
Ricky Simon,https://ufc.com/images/styles/athlete_bio_full_body/s3/2026-03/SIMON_RICKY_L_03-28.png?itok=ySE5Vxdl,2880;4829;6495
Rinat Fakhretdinov,https://ufc.com/images/styles/athlete_bio_full_body/s3/2024-10/2/FAKHRETDINOV_RINAT_L_10-26.png?itok=PsLfHFq6,1334;2881;9360
Rinya Nakamura,https://ufc.com/images/styles/athlete_bio_full_body/s3/2023-08/NAKAMURA_RINYA_L%298_26.png?itok=VNQdQJ7q,1335;2882;9361
Robbie Lawler,https://ufc.com/images/styles/athlete_bio_full_body/s3/2023-07/LAWLER_ROBBIE_L_07-08.png?itok=NCxrs0r1,1337;1544;4897;6497;9362
Robelis Despaigne,https://ufc.com/images/styles/athlete_bio_full_body/s3/2024-10/5/DESPAIGNE_ROBELIS_L_03-09.png?itok=iexLaQGX,11310
Rodolfo Bellato,https://ufc.com/images/styles/athlete_bio_full_body/s3/2025-05/BELLATO_RODOLFO_L.png?itok=_OaYvwUh,1339;2885;9364
Rodolfo Vieira,https://ufc.com/images/styles/athlete_bio_full_body/s3/2026-04/VIEIRA_RODOLFO_L_04-25.png?itok=jD2yf03z,4898
Rodrigo Nascimento,https://ufc.com/images/styles/athlete_bio_full_body/s3/2024-10/2/NASCIMENTO_RODRIGO_L_05-11.png?itok=FZhBI4rT,6499;11400
Rogerio Bontorin,https://ufc.com/images/styles/athlete_bio_full_body/s3/2022-06/042451ad-f84d-4e48-b667-86ff95f99ab9%252FBONTORIN_ROGERIO_L_06-11.png?itok=2ETw0LeI,4832
Royce Gracie,https://ufc.com/images/styles/athlete_bio_full_body/s3/2022-10/GRACIE_ROYCE_R.png?itok=Bztu_jIa,1548;4834;6502;9368;11434
Ryan Spann,https://ufc.com/images/styles/athlete_bio_full_body/s3/2025-07/SPANN_RYAN_L_07-19.png?itok=rZulvHZl,1549;2889;4835;6503;11461
Said Nurmagomedov,https://ufc.com/images/styles/athlete_bio_full_body/s3/2025-01/NURMAGOMEDOV_SAID_L_02-01.png?itok=qC2xDZS8,9369
Santiago Ponzinibbio,https://ufc.com/images/styles/athlete_bio_full_body/s3/2025-05/PONZINIBBIO_SANTIAGO_L_05-03.png?itok=-vXkQCHz,4836
Sara McMann,https://ufc.com/images/styles/athlete_bio_full_body/s3/2022-06/MCMANN_SARA_L_03-26.png?itok=TcCtkEnL,4837
Sean Woodson,https://ufc.com/images/styles/athlete_bio_full_body/s3/2024-12/WOODSON_SEAN_L_12-14.png?itok=-Fvm0jXH,1345;2893
Shamil Abdurakhimov,https://ufc.com/images/styles/athlete_bio_full_body/s3/2023-02/ABDURAKHIMOV_SHAMIL_L_02_07.png?itok=lbXnCQVT,4842
Shamil Gamzatov,https://ufc.com/images/styles/athlete_bio_full_body/s3/2021-10/69245%252Fprofile-galery%252Ffullbodyleft-picture%252FGAMZATOV_SHAMIL_L_10-30.png?itok=n6dj0Kj0,4843
Shara Magomedov,https://ufc.com/images/styles/athlete_bio_full_body/s3/2025-07/MAGOMEDOV_SHARA_L_07-26.png?itok=niNvIFES,1554;6509
Shayilan Nuerdanbieke,https://ufc.com/images/styles/athlete_bio_full_body/s3/2023-04/NUERDANBIEKE_SHAYILAN_L_04-08.png?itok=en8ufci9,6511
Shi Ming,https://ufc.com/images/styles/athlete_bio_full_body/s3/2025-08/MING_SHI_L_08-22.png?itok=D5Wbainh,13989
Sodiq Yusuff,https://ufc.com/images/styles/athlete_bio_full_body/s3/2025-05/YUSUFF_SODIQ_L_05-17.png?itok=flcV4mLO,6513
Steven Peterson,https://ufc.com/images/styles/athlete_bio_full_body/s3/2023-03/PETERSON_STEVEN_L_03-25.png?itok=7GdPhLW7,4846
Stipe Miocic,https://ufc.com/images/styles/athlete_bio_full_body/s3/2024-10/2/MIOCIC_STIPE_L.png?itok=W7mvEzSf,1354;1557;2901;4847;6515;9381;11453
T.J. Dillashaw,https://ufc.com/images/styles/athlete_bio_full_body/s3/2021-07/DILLASHAW_TJ_L_07-24.png?itok=Fv0s7odQ,1558
TJ Dillashaw,https://ufc.com/images/styles/athlete_bio_full_body/s3/2021-07/DILLASHAW_TJ_L_07-24.png?itok=Fv0s7odQ,4848
Taila Santos,https://ufc.com/images/styles/athlete_bio_full_body/s3/2022-07/8eb303a9-d887-4541-905b-e3e7461ed95e%252FSANTOS_TAILA_L_06-11.png?itok=EzSfypty,1561;4850;6518;11510
Tecia Torres,https://ufc.com/images/styles/athlete_bio_full_body/s3/2025-05/PENNINGTON_TECIA_L_05-17.png?itok=EUQxanNz,4852
Themba Gorimbo,https://ufc.com/images/styles/athlete_bio_full_body/s3/2024-10/GORIMBO_THEMBA_L_10-12.png?itok=MmNS5FE1,1564;2907;6521;9387;11325
Thiago Moises,https://ufc.com/images/styles/athlete_bio_full_body/s3/2026-04/MOISES_THIAGO_L_04-18.png?itok=DfM9JSpa,2908;4853
Thiago Santos,https://ufc.com/images/styles/athlete_bio_full_body/s3/2022-08/SANTOS_THIAGO_L_08-06.png?itok=OO0lBPjJ,4854
Tom Nolan,https://ufc.com/images/styles/athlete_bio_full_body/s3/2025-09/NOLAN_TOM_L_09-27.png?itok=J7PKOdoF,14046
Tony Ferguson,https://ufc.com/images/styles/athlete_bio_full_body/s3/2024-08/FERGUSON_TONY_L_08-03.png?itok=hS5Hvv3f,1567;2912;4857;6525;9390;11317
Torrez Finney,https://ufc.com/images/styles/athlete_bio_full_body/s3/2026-02/FINNEY_TORREZ_L_01-31.png?itok=O1sENGFM,14041
Toshiomi Kazama,https://ufc.com/images/styles/athlete_bio_full_body/s3/2024-08/KAZAMA_TOSHIOMI_L_08-10.png?itok=WJUzTtLe,1362;2913;9391
Trevor Peek,https://ufc.com/images/styles/athlete_bio_full_body/s3/2024-09/PEEK_TREVOR_L_09-07.png?itok=qLyz7hsV,1364;2915;9393
Trey Waters,https://ufc.com/images/styles/athlete_bio_full_body/s3/2025-09/WATERS_TREY_L_05-11.png?itok=VT-guKHr,1365;2916;9394
Tucker Lutz,https://ufc.com/images/styles/athlete_bio_full_body/s3/2023-07/LUTZ_TUCKER_L_07-15.png?itok=58s3Ythc,4858
Tyron Woodley,https://ufc.com/images/styles/athlete_bio_full_body/s3/image/ufc-fighter-container/69431/profile-galery/fullbodyleft-picture/WOODLEY_TYRON_L_09-19.png?itok=QwdkRivT,1568;4903;6526;11504
Tyson Pedro,https://ufc.com/images/styles/athlete_bio_full_body/s3/2023-09/PEDRO_TYSON_L_09-09.png?itok=z3YoSlLP,1569;11474
Uriah Hall,https://ufc.com/images/styles/athlete_bio_full_body/s3/2022-06/8b787623-45ca-45ae-9642-49677bf57ce9%252FHALL_URIAH_L_07-02.png?itok=2jyxRJo9,4860
Urijah Faber,https://ufc.com/images/styles/athlete_bio_full_body/s3/2025-01/1/FABER_URIJAH_L.png?itok=8_n5xKSV,1367;1571;2918;4904;6528;9396;11436
Val Woodburn,https://ufc.com/images/styles/athlete_bio_full_body/s3/2024-02/WOODBURN_VAL_L_02-17.png?itok=id0hc01N,1572;6529;11447
Vanessa Demopoulos,https://ufc.com/images/styles/athlete_bio_full_body/s3/2025-04/DEMOPOULOS_VANESSA_L_04-05.png?itok=llyZm9i9,6531
Vicente Luque,https://ufc.com/images/styles/athlete_bio_full_body/s3/2025-10/LUQUE_VICENTE_L_10-11.png?itok=iF0ss6rS,1369;1574;2920;4862;6532;9398;11423
Victor Henry,https://ufc.com/images/styles/athlete_bio_full_body/s3/2025-04/HENRY_VICTOR_L_04-05.png?itok=IDSlFjGP,1370;2921;9399
Viktoriia Dudakova,https://ufc.com/images/styles/athlete_bio_full_body/s3/2025-01/2/DUDAKOVA_VIKTORIIA_L_01-11.png?itok=zqqIFkFV,2922;9400
Vitor Petrino,https://ufc.com/images/styles/athlete_bio_full_body/s3/2026-03/PETRINO_VITOR_L_03-14.png?itok=X1zOVoEM,1373;2925;9403
Wanderlei Silva,https://ufc.com/images/styles/athlete_bio_full_body/s3/image/fighter_images/Wanderlei_Silva/Wanderlei-Silva-020.png?VersionId=_7.yj7CNSmGi.YAfql30srzeH5mVuinK&amp;itok=fC_rQoa7,1576;2928;9406;11352
Westin Wilson,https://ufc.com/images/styles/athlete_bio_full_body/s3/2024-01/WILSON_WESTIN_L_01-13.png?itok=AMTTwS4k,1376;2929;9407
William Gomis,https://ufc.com/images/styles/athlete_bio_full_body/s3/2025-09/GOMIS_WILLIAM_L_09-06.png?itok=zDqQAPQ7,1577;6535;11462
Yana Kunitskaya,https://ufc.com/images/styles/athlete_bio_full_body/s3/2025-05/SANTOS_YANA_L_05-03.png?itok=taprKOGv,4867
Yazmin Jauregui,https://ufc.com/images/styles/athlete_bio_full_body/s3/2024-09/JAUREGUI_YAZMIN_L_09-14.png?itok=wUj3889T,1581;2933;9411;11490
Zabit Magomedsharipov,https://ufc.com/images/styles/athlete_bio_full_body/s3/2019-11/MAGOMEDSHARIPOV_ZABIT_L.png?VersionId=tEigkpdp6J86xmaA_bp1Doc970FKmSwe&amp;itok=HNQjQU7I,4905
Zhu Rong,https://ufc.com/images/styles/athlete_bio_full_body/s3/2025-08/RONGZHU_L_08-23.png?itok=ACz0qVq4,14015
